timestamp,symbol,price
2025-05-14 20:35:00,AAPL,13.767890684588867
2025-05-14 20:40:00,AAPL,13.805133913599725
2025-05-14 20:45:00,AAPL,13.888931178874156
2025-05-14 20:50:00,AAPL,13.842377142610582
2025-05-14 20:55:00,AAPL,13.814444720852439
2025-05-14 21:00:00,AAPL,13.786512299094296
2025-05-14 21:05:00,AAPL,13.767890684588867
2025-05-14 21:10:00,AAPL,13.805133913599725
2025-05-14 21:15:00,AAPL,13.805133913599725
2025-05-14 21:20:00,AAPL,13.805133913599725
2025-05-14 21:25:00,AAPL,13.795823106347012
2025-05-14 21:30:00,AAPL,13.842377142610582
2025-05-14 21:35:00,AAPL,13.87962037162144
2025-05-14 21:40:00,AAPL,13.888931178874156
2025-05-14 21:45:00,AAPL,13.916863600632299
2025-05-14 21:50:00,AAPL,13.833066335357868
2025-05-14 21:55:00,AAPL,13.823755528105155
2025-05-14 22:00:00,AAPL,13.833066335357868
2025-05-14 22:05:00,AAPL,13.833066335357868
2025-05-14 22:10:00,AAPL,13.786512299094296
2025-05-14 22:15:00,AAPL,13.786512299094296
2025-05-14 22:20:00,AAPL,13.795823106347012
2025-05-14 22:25:00,AAPL,13.739958262830724
2025-05-14 22:30:00,AAPL,13.795823106347012
2025-05-14 22:35:00,AAPL,13.907552793379583
2025-05-14 22:40:00,AAPL,13.9820392514013
2025-05-14 22:45:00,AAPL,13.9820392514013
2025-05-14 22:50:00,AAPL,13.991350058654014
2025-05-14 22:55:00,AAPL,14.093768938433874
2025-05-14 23:00:00,AAPL,14.158944589202873
2025-05-14 23:05:00,AAPL,14.084458131181158
2025-05-14 23:10:00,AAPL,14.23343104722459
2025-05-14 23:15:00,AAPL,14.270674276235448
2025-05-14 23:20:00,AAPL,14.307917505246305
2025-05-14 23:25:00,AAPL,14.410336385026165
2025-05-14 23:30:00,AAPL,14.456890421289737
2025-05-14 23:35:00,AAPL,14.447579614037023
2025-05-14 23:40:00,AAPL,14.512755264806025
2025-05-14 23:45:00,AAPL,14.531376879311452
2025-05-14 23:50:00,AAPL,14.503444457553309
2025-05-14 23:55:00,AAPL,14.503444457553309
2025-05-15 00:00:00,AAPL,14.261363468982735
2025-05-15 00:05:00,AAPL,14.205498625466447
2025-05-15 00:10:00,AAPL,14.103079745686589
2025-05-15 00:15:00,AAPL,14.112390552939303
2025-05-15 00:20:00,AAPL,14.112390552939303
2025-05-15 00:25:00,AAPL,14.000660865906728
2025-05-15 00:30:00,AAPL,13.907552793379583
2025-05-15 00:35:00,AAPL,13.907552793379583
2025-05-15 00:40:00,AAPL,13.926174407885012
2025-05-15 00:45:00,AAPL,13.935485215137726
2025-05-15 00:50:00,AAPL,14.019282480412159
2025-05-15 00:55:00,AAPL,13.954106829643157
2025-05-15 01:00:00,AAPL,13.972728444148585
2025-05-15 01:05:00,AAPL,13.963417636895871
2025-05-15 01:10:00,AAPL,13.926174407885012
2025-05-15 01:15:00,AAPL,13.860998757116013
2025-05-15 01:20:00,AAPL,13.842377142610582
2025-05-15 01:25:00,AAPL,13.991350058654014
2025-05-15 01:30:00,AAPL,14.056525709423015
2025-05-15 01:35:00,AAPL,14.084458131181158
2025-05-15 01:40:00,AAPL,14.047214902170301
2025-05-15 01:45:00,AAPL,14.056525709423015
2025-05-15 01:50:00,AAPL,14.047214902170301
2025-05-15 01:55:00,AAPL,14.047214902170301
2025-05-15 02:00:00,AAPL,13.9820392514013
2025-05-15 02:05:00,AAPL,13.870309564368727
2025-05-15 02:10:00,AAPL,13.89824198612687
2025-05-15 02:15:00,AAPL,13.963417636895871
2025-05-15 02:20:00,AAPL,13.9820392514013
2025-05-15 02:25:00,AAPL,14.009971673159443
2025-05-15 02:30:00,AAPL,13.9820392514013
2025-05-15 02:35:00,AAPL,13.972728444148585
2025-05-15 02:40:00,AAPL,13.944796022390442
2025-05-15 02:45:00,AAPL,13.9820392514013
2025-05-15 02:50:00,AAPL,13.954106829643157
2025-05-15 02:55:00,AAPL,14.009971673159443
2025-05-15 03:00:00,AAPL,13.9820392514013
2025-05-15 03:05:00,AAPL,13.926174407885012
2025-05-15 03:10:00,AAPL,14.009971673159443
2025-05-15 03:15:00,AAPL,14.298606697993591
2025-05-15 03:20:00,AAPL,14.410336385026165
2025-05-15 03:25:00,AAPL,14.373093156015306
2025-05-15 03:30:00,AAPL,14.410336385026165
2025-05-15 03:35:00,AAPL,14.438268806784308
2025-05-15 03:40:00,AAPL,14.13101216744473
2025-05-15 03:45:00,AAPL,14.056525709423015
2025-05-15 03:50:00,AAPL,13.814444720852439
2025-05-15 03:55:00,AAPL,13.805133913599725
2025-05-15 04:00:00,AAPL,13.833066335357868
2025-05-15 04:05:00,AAPL,13.795823106347012
2025-05-15 04:10:00,AAPL,13.823755528105155
2025-05-15 04:15:00,AAPL,13.935485215137726
2025-05-15 04:20:00,AAPL,14.009971673159443
2025-05-15 04:25:00,AAPL,14.009971673159443
2025-05-15 04:30:00,AAPL,14.056525709423015
2025-05-15 04:35:00,AAPL,13.963417636895871
2025-05-15 04:40:00,AAPL,13.916863600632299
2025-05-15 04:45:00,AAPL,13.89824198612687
2025-05-15 04:50:00,AAPL,13.926174407885012
2025-05-15 04:55:00,AAPL,13.944796022390442
2025-05-15 05:00:00,AAPL,13.963417636895871
2025-05-15 05:05:00,AAPL,13.935485215137726
2025-05-15 05:10:00,AAPL,13.823755528105155
2025-05-15 05:15:00,AAPL,13.842377142610582
2025-05-15 05:20:00,AAPL,13.712025841072581
2025-05-15 05:25:00,AAPL,13.712025841072581
2025-05-15 05:30:00,AAPL,13.684093419314436
2025-05-15 05:35:00,AAPL,13.69340422656715
2025-05-15 05:40:00,AAPL,13.665471804809009
2025-05-15 05:45:00,AAPL,13.674782612061723
2025-05-15 05:50:00,AAPL,13.581674539534578
2025-05-15 05:55:00,AAPL,13.758579877336153
2025-05-15 06:00:00,AAPL,13.786512299094296
2025-05-15 06:05:00,AAPL,13.795823106347012
2025-05-15 06:10:00,AAPL,13.907552793379583
2025-05-15 06:15:00,AAPL,13.870309564368727
2025-05-15 06:20:00,AAPL,13.972728444148585
2025-05-15 06:25:00,AAPL,13.972728444148585
2025-05-15 06:30:00,AAPL,14.000660865906728
2025-05-15 06:35:00,AAPL,13.860998757116013
2025-05-15 06:40:00,AAPL,13.795823106347012
2025-05-15 06:45:00,AAPL,13.665471804809009
2025-05-15 06:50:00,AAPL,13.56305292502915
2025-05-15 06:55:00,AAPL,13.54443131052372
2025-05-15 07:00:00,AAPL,13.423390816238433
2025-05-15 07:05:00,AAPL,13.423390816238433
2025-05-15 07:10:00,AAPL,13.199931442173286
2025-05-15 07:15:00,AAPL,13.218553056678713
2025-05-15 07:20:00,AAPL,13.181309827667857
2025-05-15 07:25:00,AAPL,13.106823369646142
2025-05-15 07:30:00,AAPL,13.348904358216716
2025-05-15 07:35:00,AAPL,13.367525972722145
2025-05-15 07:40:00,AAPL,13.311661129205858
2025-05-15 07:45:00,AAPL,13.320971936458575
2025-05-15 07:50:00,AAPL,13.29303951470043
2025-05-15 07:55:00,AAPL,13.330282743711289
2025-05-15 08:00:00,AAPL,13.283728707447715
2025-05-15 08:05:00,AAPL,13.209242249426
2025-05-15 08:10:00,AAPL,13.227863863931429
2025-05-15 08:15:00,AAPL,13.013715297118997
2025-05-15 08:20:00,AAPL,13.106823369646142
2025-05-15 08:25:00,AAPL,12.846120766570134
2025-05-15 08:30:00,AAPL,12.883363995580995
2025-05-15 08:35:00,AAPL,12.911296417339136
2025-05-15 08:40:00,AAPL,12.93922883909728
2025-05-15 08:45:00,AAPL,12.93922883909728
2025-05-15 08:50:00,AAPL,12.948539646349996
2025-05-15 08:55:00,AAPL,12.920607224591851
2025-05-15 09:00:00,AAPL,12.967161260855423
2025-05-15 09:05:00,AAPL,13.032336911624425
2025-05-15 09:10:00,AAPL,13.032336911624425
2025-05-15 09:15:00,AAPL,13.088201755140712
2025-05-15 09:20:00,AAPL,13.032336911624425
2025-05-15 09:25:00,AAPL,13.00440448986628
2025-05-15 09:30:00,AAPL,13.013715297118997
2025-05-15 09:35:00,AAPL,12.995093682613566
2025-05-15 09:40:00,AAPL,13.29303951470043
2025-05-15 09:45:00,AAPL,13.758579877336153
2025-05-15 09:50:00,AAPL,13.749269070083438
2025-05-15 09:55:00,AAPL,13.767890684588867
2025-05-15 10:00:00,AAPL,13.69340422656715
2025-05-15 10:05:00,AAPL,13.767890684588867
2025-05-15 10:10:00,AAPL,13.712025841072581
2025-05-15 10:15:00,AAPL,13.73064745557801
2025-05-15 10:20:00,AAPL,13.69340422656715
2025-05-15 10:25:00,AAPL,13.702715033819866
2025-05-15 10:30:00,AAPL,13.712025841072581
2025-05-15 10:35:00,AAPL,13.600296154040006
2025-05-15 10:40:00,AAPL,13.665471804809009
2025-05-15 10:45:00,AAPL,13.702715033819866
2025-05-15 10:50:00,AAPL,13.665471804809009
2025-05-15 10:55:00,AAPL,13.656160997556293
2025-05-15 11:00:00,AAPL,13.712025841072581
2025-05-15 11:05:00,AAPL,13.702715033819866
2025-05-15 11:10:00,AAPL,13.637539383050866
2025-05-15 11:15:00,AAPL,13.665471804809009
2025-05-15 11:20:00,AAPL,13.702715033819866
2025-05-15 11:25:00,AAPL,13.758579877336153
2025-05-15 11:30:00,AAPL,13.702715033819866
2025-05-15 11:35:00,AAPL,13.712025841072581
2025-05-15 11:40:00,AAPL,13.721336648325295
2025-05-15 11:45:00,AAPL,13.674782612061723
2025-05-15 11:50:00,AAPL,13.721336648325295
2025-05-15 11:55:00,AAPL,13.721336648325295
2025-05-15 12:00:00,AAPL,13.823755528105155
2025-05-15 12:05:00,AAPL,13.814444720852439
2025-05-15 12:10:00,AAPL,13.916863600632299
2025-05-15 12:15:00,AAPL,13.963417636895871
2025-05-15 12:20:00,AAPL,13.907552793379583
2025-05-15 12:25:00,AAPL,13.935485215137726
2025-05-15 12:30:00,AAPL,14.000660865906728
2025-05-15 12:35:00,AAPL,14.075147323928444
2025-05-15 12:40:00,AAPL,14.037904094917586
2025-05-15 12:45:00,AAPL,14.084458131181158
2025-05-15 12:50:00,AAPL,14.177566203708304
2025-05-15 12:55:00,AAPL,14.158944589202873
2025-05-15 13:00:00,AAPL,14.140322974697446
2025-05-15 13:05:00,AAPL,14.14963378195016
2025-05-15 13:10:00,AAPL,14.084458131181158
2025-05-15 13:15:00,AAPL,14.028593287664872
2025-05-15 13:20:00,AAPL,13.9820392514013
2025-05-15 13:25:00,AAPL,13.963417636895871
2025-05-15 13:30:00,AAPL,13.944796022390442
2025-05-15 13:35:00,AAPL,14.037904094917586
2025-05-15 13:40:00,AAPL,14.009971673159443
2025-05-15 13:45:00,AAPL,14.019282480412159
2025-05-15 13:50:00,AAPL,14.037904094917586
2025-05-15 13:55:00,AAPL,14.000660865906728
2025-05-15 14:00:00,AAPL,14.028593287664872
2025-05-15 14:05:00,AAPL,13.972728444148585
2025-05-15 14:10:00,AAPL,14.047214902170301
2025-05-15 14:15:00,AAPL,14.056525709423015
2025-05-15 14:20:00,AAPL,14.047214902170301
2025-05-15 14:25:00,AAPL,14.000660865906728
2025-05-15 14:30:00,AAPL,13.9820392514013
2025-05-15 14:35:00,AAPL,13.786512299094296
2025-05-15 14:40:00,AAPL,13.805133913599725
2025-05-15 14:45:00,AAPL,13.814444720852439
2025-05-15 14:50:00,AAPL,13.814444720852439
2025-05-15 14:55:00,AAPL,13.851687949863297
2025-05-15 15:00:00,AAPL,13.851687949863297
2025-05-15 15:05:00,AAPL,13.860998757116013
2025-05-15 15:10:00,AAPL,13.795823106347012
2025-05-15 15:15:00,AAPL,13.805133913599725
2025-05-15 15:20:00,AAPL,13.833066335357868
2025-05-15 15:25:00,AAPL,13.805133913599725
2025-05-15 15:30:00,AAPL,13.851687949863297
2025-05-15 15:35:00,AAPL,13.870309564368727
2025-05-15 15:40:00,AAPL,13.842377142610582
2025-05-15 15:45:00,AAPL,13.77720149184158
2025-05-15 15:50:00,AAPL,13.805133913599725
2025-05-15 15:55:00,AAPL,13.786512299094296
2025-05-15 16:00:00,AAPL,13.77720149184158
2025-05-14 20:35:00,MSFT,43.83411200835731
2025-05-14 20:40:00,MSFT,44.13311686516739
2025-05-14 20:45:00,MSFT,44.13311686516739
2025-05-14 20:50:00,MSFT,44.192917836529396
2025-05-14 20:55:00,MSFT,44.43212172197747
2025-05-14 21:00:00,MSFT,44.6115246360635
2025-05-14 21:05:00,MSFT,44.73112657878754
2025-05-14 21:10:00,MSFT,44.25271880789141
2025-05-14 21:15:00,MSFT,44.37232075061544
2025-05-14 21:20:00,MSFT,44.01351492244335
2025-05-14 21:25:00,MSFT,43.654709094271254
2025-05-14 21:30:00,MSFT,43.95371395108133
2025-05-14 21:35:00,MSFT,44.37232075061544
2025-05-14 21:40:00,MSFT,44.91052949287358
2025-05-14 21:45:00,MSFT,44.73112657878754
2025-05-14 21:50:00,MSFT,44.790927550149554
2025-05-14 21:55:00,MSFT,44.671325607425516
2025-05-14 22:00:00,MSFT,44.491922693339475
2025-05-14 22:05:00,MSFT,44.91052949287358
2025-05-14 22:10:00,MSFT,45.20953434968366
2025-05-14 22:15:00,MSFT,44.85072852151156
2025-05-14 22:20:00,MSFT,45.388937263769705
2025-05-14 22:25:00,MSFT,45.20953434968366
2025-05-14 22:30:00,MSFT,44.91052949287358
2025-05-14 22:35:00,MSFT,45.03013143559762
2025-05-14 22:40:00,MSFT,45.20953434968366
2025-05-14 22:45:00,MSFT,45.269335321045666
2025-05-14 22:50:00,MSFT,45.08993240695963
2025-05-14 22:55:00,MSFT,45.03013143559762
2025-05-14 23:00:00,MSFT,45.08993240695963
2025-05-14 23:05:00,MSFT,45.03013143559762
2025-05-14 23:10:00,MSFT,44.790927550149554
2025-05-14 23:15:00,MSFT,43.47530618018521
2025-05-14 23:20:00,MSFT,43.29590326609917
2025-05-14 23:25:00,MSFT,43.17630132337513
2025-05-14 23:30:00,MSFT,43.17630132337513
2025-05-14 23:35:00,MSFT,42.85337607802025
2025-05-14 23:40:00,MSFT,43.11650035201311
2025-05-14 23:45:00,MSFT,43.11650035201311
2025-05-14 23:50:00,MSFT,43.35570423746118
2025-05-14 23:55:00,MSFT,43.17630132337513
2025-05-15 00:00:00,MSFT,43.11650035201311
2025-05-15 00:05:00,MSFT,42.80553530093064
2025-05-15 00:10:00,MSFT,42.6620129696618
2025-05-15 00:15:00,MSFT,42.56633141548258
2025-05-15 00:20:00,MSFT,42.80553530093064
2025-05-15 00:25:00,MSFT,42.92513724365467
2025-05-15 00:30:00,MSFT,43.11650035201311
2025-05-15 00:35:00,MSFT,42.94905763219947
2025-05-15 00:40:00,MSFT,42.42280908421374
2025-05-15 00:45:00,MSFT,42.49457024984816
2025-05-15 00:50:00,MSFT,42.6620129696618
2025-05-15 00:55:00,MSFT,42.255366364400096
2025-05-15 01:00:00,MSFT,41.920480924772804
2025-05-15 01:05:00,MSFT,41.920480924772804
2025-05-15 01:10:00,MSFT,42.231445975855294
2025-05-15 01:15:00,MSFT,42.2792867529449
2025-05-15 01:20:00,MSFT,42.59025180402738
2025-05-15 01:25:00,MSFT,42.59025180402738
2025-05-15 01:30:00,MSFT,42.51849063839296
2025-05-15 01:35:00,MSFT,42.638092581117
2025-05-15 01:40:00,MSFT,42.638092581117
2025-05-15 01:45:00,MSFT,42.94905763219947
2025-05-15 01:50:00,MSFT,42.87729646656505
2025-05-15 01:55:00,MSFT,42.757694523841025
2025-05-15 02:00:00,MSFT,43.41550520882319
2025-05-15 02:05:00,MSFT,43.893912979719325
2025-05-15 02:10:00,MSFT,43.71451006563327
2025-05-15 02:15:00,MSFT,43.77431103699528
2025-05-15 02:20:00,MSFT,43.654709094271254
2025-05-15 02:25:00,MSFT,43.53510715154723
2025-05-15 02:30:00,MSFT,43.41550520882319
2025-05-15 02:35:00,MSFT,42.829455689475445
2025-05-15 02:40:00,MSFT,42.85337607802025
2025-05-15 02:45:00,MSFT,42.757694523841025
2025-05-15 02:50:00,MSFT,42.87729646656505
2025-05-15 02:55:00,MSFT,42.614172192572184
2025-05-15 03:00:00,MSFT,42.6620129696618
2025-05-15 03:05:00,MSFT,42.78161491238583
2025-05-15 03:10:00,MSFT,42.972978020744286
2025-05-15 03:15:00,MSFT,43.23610229473716
2025-05-15 03:20:00,MSFT,43.41550520882319
2025-05-15 03:25:00,MSFT,43.23610229473716
2025-05-15 03:30:00,MSFT,43.53510715154723
2025-05-15 03:35:00,MSFT,43.594908122909246
2025-05-15 03:40:00,MSFT,44.01351492244335
2025-05-15 03:45:00,MSFT,44.31251977925342
2025-05-15 03:50:00,MSFT,44.13311686516739
2025-05-15 03:55:00,MSFT,44.25271880789141
2025-05-15 04:00:00,MSFT,44.491922693339475
2025-05-15 04:05:00,MSFT,44.85072852151156
2025-05-15 04:10:00,MSFT,44.6115246360635
2025-05-15 04:15:00,MSFT,44.671325607425516
2025-05-15 04:20:00,MSFT,44.91052949287358
2025-05-15 04:25:00,MSFT,44.91052949287358
2025-05-15 04:30:00,MSFT,45.269335321045666
2025-05-15 04:35:00,MSFT,45.50853920649373
2025-05-15 04:40:00,MSFT,45.388937263769705
2025-05-15 04:45:00,MSFT,45.50853920649373
2025-05-15 04:50:00,MSFT,45.388937263769705
2025-05-15 04:55:00,MSFT,45.568340177855745
2025-05-15 05:00:00,MSFT,46.824160576458084
2025-05-15 05:05:00,MSFT,46.10654892011389
2025-05-15 05:10:00,MSFT,46.10654892011389
2025-05-15 05:15:00,MSFT,45.92714600602785
2025-05-15 05:20:00,MSFT,46.64475766237203
2025-05-15 05:25:00,MSFT,48.43878680323249
2025-05-15 05:30:00,MSFT,48.199582917784426
2025-05-15 05:35:00,MSFT,48.199582917784426
2025-05-15 05:40:00,MSFT,47.84077708961234
2025-05-15 05:45:00,MSFT,48.13978194642241
2025-05-15 05:50:00,MSFT,48.0799809750604
2025-05-15 05:55:00,MSFT,48.13978194642241
2025-05-15 06:00:00,MSFT,48.85739360276659
2025-05-15 06:05:00,MSFT,49.096597488214655
2025-05-15 06:10:00,MSFT,49.933811087282876
2025-05-15 06:15:00,MSFT,50.0534130300069
2025-05-15 06:20:00,MSFT,50.0534130300069
2025-05-15 06:25:00,MSFT,49.87401011592086
2025-05-15 06:30:00,MSFT,49.57500525911079
2025-05-15 06:35:00,MSFT,50.11321400136893
2025-05-15 06:40:00,MSFT,49.69460720183481
2025-05-15 06:45:00,MSFT,49.81420914455885
2025-05-15 06:50:00,MSFT,49.45540331638674
2025-05-15 06:55:00,MSFT,49.45540331638674
2025-05-15 07:00:00,MSFT,49.87401011592086
2025-05-15 07:05:00,MSFT,49.75440817319682
2025-05-15 07:10:00,MSFT,50.0534130300069
2025-05-15 07:15:00,MSFT,49.993612058644885
2025-05-15 07:20:00,MSFT,49.933811087282876
2025-05-15 07:25:00,MSFT,51.189631485885194
2025-05-15 07:30:00,MSFT,50.89062662907512
2025-05-15 07:35:00,MSFT,50.89062662907512
2025-05-15 07:40:00,MSFT,52.923859655383644
2025-05-15 07:45:00,MSFT,52.923859655383644
2025-05-15 07:50:00,MSFT,53.163063540831715
2025-05-15 07:55:00,MSFT,52.864058684021636
2025-05-15 08:00:00,MSFT,53.163063540831715
2025-05-15 08:05:00,MSFT,52.923859655383644
2025-05-15 08:10:00,MSFT,53.163063540831715
2025-05-15 08:15:00,MSFT,52.98366062674566
2025-05-15 08:20:00,MSFT,53.163063540831715
2025-05-15 08:25:00,MSFT,53.70127228308986
2025-05-15 08:30:00,MSFT,53.5218693690038
2025-05-15 08:35:00,MSFT,53.58167034036581
2025-05-15 08:40:00,MSFT,53.58167034036581
2025-05-15 08:45:00,MSFT,54.29928199671001
2025-05-15 08:50:00,MSFT,54.060078111261944
2025-05-15 08:55:00,MSFT,53.163063540831715
2025-05-15 09:00:00,MSFT,53.22286451219372
2025-05-15 09:05:00,MSFT,52.923859655383644
2025-05-15 09:10:00,MSFT,53.1032625694697
2025-05-15 09:15:00,MSFT,53.5218693690038
2025-05-15 09:20:00,MSFT,53.82087422581388
2025-05-15 09:25:00,MSFT,53.40226742627978
2025-05-15 09:30:00,MSFT,53.64147131172783
2025-05-15 09:35:00,MSFT,53.88067519717589
2025-05-15 09:40:00,MSFT,53.940476168537906
2025-05-15 09:45:00,MSFT,53.82087422581388
2025-05-15 09:50:00,MSFT,54.060078111261944
2025-05-15 09:55:00,MSFT,54.060078111261944
2025-05-15 10:00:00,MSFT,54.837490738968135
2025-05-15 10:05:00,MSFT,54.59828685352009
2025-05-15 10:10:00,MSFT,55.25609753850225
2025-05-15 10:15:00,MSFT,55.25609753850225
2025-05-15 10:20:00,MSFT,57.34913153617279
2025-05-15 10:25:00,MSFT,56.571718908466586
2025-05-15 10:30:00,MSFT,55.61490336667434
2025-05-15 10:35:00,MSFT,55.794306280760395
2025-05-15 10:40:00,MSFT,55.854107252122404
2025-05-15 10:45:00,MSFT,56.033510166208444
2025-05-15 10:50:00,MSFT,56.51191793710457
2025-05-15 10:55:00,MSFT,57.64813639298287
2025-05-15 11:00:00,MSFT,56.392315994380546
2025-05-15 11:05:00,MSFT,56.75112182255264
2025-05-15 11:10:00,MSFT,57.28933056481078
2025-05-15 11:15:00,MSFT,58.72455387749913
2025-05-15 11:20:00,MSFT,58.00694222115496
2025-05-15 11:25:00,MSFT,58.42554902068906
2025-05-15 11:30:00,MSFT,58.664752906137124
2025-05-15 11:35:00,MSFT,58.48534999205109
2025-05-15 11:40:00,MSFT,58.5451509634131
2025-05-15 11:45:00,MSFT,58.18634513524101
2025-05-15 11:50:00,MSFT,57.70793736434488
2025-05-15 11:55:00,MSFT,57.94714124979295
2025-05-15 12:00:00,MSFT,58.18634513524101
2025-05-15 12:05:00,MSFT,58.06674319251697
2025-05-15 12:10:00,MSFT,57.88734027843093
2025-05-15 12:15:00,MSFT,58.06674319251697
2025-05-15 12:20:00,MSFT,58.12654416387898
2025-05-15 12:25:00,MSFT,58.00694222115496
2025-05-15 12:30:00,MSFT,58.12654416387898
2025-05-15 12:35:00,MSFT,59.262762619757275
2025-05-15 12:40:00,MSFT,59.32256359111929
2025-05-15 12:45:00,MSFT,59.38236456248132
2025-05-15 12:50:00,MSFT,59.501966505205345
2025-05-15 12:55:00,MSFT,60.398981075635575
2025-05-15 13:00:00,MSFT,60.5185830183596
2025-05-15 13:05:00,MSFT,60.57838398972161
2025-05-15 13:10:00,MSFT,60.458782046997584
2025-05-15 13:15:00,MSFT,60.398981075635575
2025-05-15 13:20:00,MSFT,59.68136941929139
2025-05-15 13:25:00,MSFT,60.458782046997584
2025-05-15 13:30:00,MSFT,63.9870393573565
2025-05-15 13:35:00,MSFT,64.4654471282526
2025-05-15 13:40:00,MSFT,64.64485004233866
2025-05-15 13:45:00,MSFT,63.80763644327045
2025-05-15 13:50:00,MSFT,63.74783547190844
2025-05-15 13:55:00,MSFT,64.82425295642471
2025-05-15 14:00:00,MSFT,64.58504907097665
2025-05-15 14:05:00,MSFT,64.58504907097665
2025-05-15 14:10:00,MSFT,65.30266072732083
2025-05-15 14:15:00,MSFT,65.5418646127689
2025-05-15 14:20:00,MSFT,65.48206364140688
2025-05-15 14:25:00,MSFT,65.48206364140688
2025-05-15 14:30:00,MSFT,65.60166558413091
2025-05-15 14:35:00,MSFT,64.88405392778674
2025-05-15 14:40:00,MSFT,64.76445198506269
2025-05-15 14:45:00,MSFT,64.34584518552859
2025-05-15 14:50:00,MSFT,64.70465101370068
2025-05-15 14:55:00,MSFT,64.64485004233866
2025-05-15 15:00:00,MSFT,64.70465101370068
2025-05-15 15:05:00,MSFT,65.36246169868285
2025-05-15 15:10:00,MSFT,66.7378840400092
2025-05-15 15:15:00,MSFT,66.61828209728519
2025-05-15 15:20:00,MSFT,66.49868015456114
2025-05-15 15:25:00,MSFT,66.79768501137121
2025-05-15 15:30:00,MSFT,66.19967529775106
2025-05-15 15:35:00,MSFT,66.3192772404751
2025-05-15 15:40:00,MSFT,65.42226267004487
2025-05-15 15:45:00,MSFT,65.84086946957898
2025-05-15 15:50:00,MSFT,66.25947626911308
2025-05-15 15:55:00,MSFT,66.61828209728519
2025-05-15 16:00:00,MSFT,65.00365587051076
2025-05-14 20:35:00,GOOGL,11.205644720735792
2025-05-14 20:40:00,GOOGL,11.205644720735792
2025-05-14 20:45:00,GOOGL,11.205644720735792
2025-05-14 20:50:00,GOOGL,11.205644720735792
2025-05-14 20:55:00,GOOGL,11.253583307776374
2025-05-14 21:00:00,GOOGL,11.205644720735792
2025-05-14 21:05:00,GOOGL,11.253583307776374
2025-05-14 21:10:00,GOOGL,11.229614014256084
2025-05-14 21:15:00,GOOGL,11.253583307776374
2025-05-14 21:20:00,GOOGL,11.181675427215502
2025-05-14 21:25:00,GOOGL,11.181675427215502
2025-05-14 21:30:00,GOOGL,11.157706133695209
2025-05-14 21:35:00,GOOGL,11.181675427215502
2025-05-14 21:40:00,GOOGL,11.157706133695209
2025-05-14 21:45:00,GOOGL,11.157706133695209
2025-05-14 21:50:00,GOOGL,11.157706133695209
2025-05-14 21:55:00,GOOGL,11.13373684017492
2025-05-14 22:00:00,GOOGL,11.13373684017492
2025-05-14 22:05:00,GOOGL,11.157706133695209
2025-05-14 22:10:00,GOOGL,11.205644720735792
2025-05-14 22:15:00,GOOGL,11.181675427215502
2025-05-14 22:20:00,GOOGL,11.205644720735792
2025-05-14 22:25:00,GOOGL,11.253583307776374
2025-05-14 22:30:00,GOOGL,11.253583307776374
2025-05-14 22:35:00,GOOGL,11.229614014256084
2025-05-14 22:40:00,GOOGL,11.205644720735792
2025-05-14 22:45:00,GOOGL,11.181675427215502
2025-05-14 22:50:00,GOOGL,11.157706133695209
2025-05-14 22:55:00,GOOGL,11.13373684017492
2025-05-14 23:00:00,GOOGL,11.08579825313434
2025-05-14 23:05:00,GOOGL,11.157706133695209
2025-05-14 23:10:00,GOOGL,11.13373684017492
2025-05-14 23:15:00,GOOGL,11.181675427215502
2025-05-14 23:20:00,GOOGL,11.157706133695209
2025-05-14 23:25:00,GOOGL,11.205644720735792
2025-05-14 23:30:00,GOOGL,11.205644720735792
2025-05-14 23:35:00,GOOGL,11.205644720735792
2025-05-14 23:40:00,GOOGL,11.253583307776374
2025-05-14 23:45:00,GOOGL,11.205644720735792
2025-05-14 23:50:00,GOOGL,11.205644720735792
2025-05-14 23:55:00,GOOGL,11.205644720735792
2025-05-15 00:00:00,GOOGL,11.229614014256084
2025-05-15 00:05:00,GOOGL,11.229614014256084
2025-05-15 00:10:00,GOOGL,11.277552601296664
2025-05-15 00:15:00,GOOGL,11.301521894816954
2025-05-15 00:20:00,GOOGL,11.301521894816954
2025-05-15 00:25:00,GOOGL,11.349460481857534
2025-05-15 00:30:00,GOOGL,11.325491188337244
2025-05-15 00:35:00,GOOGL,11.325491188337244
2025-05-15 00:40:00,GOOGL,11.301521894816954
2025-05-15 00:45:00,GOOGL,11.325491188337244
2025-05-15 00:50:00,GOOGL,11.325491188337244
2025-05-15 00:55:00,GOOGL,11.301521894816954
2025-05-15 01:00:00,GOOGL,11.325491188337244
2025-05-15 01:05:00,GOOGL,11.301521894816954
2025-05-15 01:10:00,GOOGL,11.325491188337244
2025-05-15 01:15:00,GOOGL,11.325491188337244
2025-05-15 01:20:00,GOOGL,11.349460481857534
2025-05-15 01:25:00,GOOGL,11.373429775377826
2025-05-15 01:30:00,GOOGL,11.373429775377826
2025-05-15 01:35:00,GOOGL,11.397399068898116
2025-05-15 01:40:00,GOOGL,11.349460481857534
2025-05-15 01:45:00,GOOGL,11.421368362418407
2025-05-15 01:50:00,GOOGL,11.373429775377826
2025-05-15 01:55:00,GOOGL,11.397399068898116
2025-05-15 02:00:00,GOOGL,11.445337655938697
2025-05-15 02:05:00,GOOGL,11.493276242979277
2025-05-15 02:10:00,GOOGL,11.541214830019857
2025-05-15 02:15:00,GOOGL,11.541214830019857
2025-05-15 02:20:00,GOOGL,11.6850305911416
2025-05-15 02:25:00,GOOGL,11.63709200410102
2025-05-15 02:30:00,GOOGL,11.66106129762131
2025-05-15 02:35:00,GOOGL,11.70899988466189
2025-05-15 02:40:00,GOOGL,11.75693847170247
2025-05-15 02:45:00,GOOGL,11.70899988466189
2025-05-15 02:50:00,GOOGL,11.70899988466189
2025-05-15 02:55:00,GOOGL,11.73296917818218
2025-05-15 03:00:00,GOOGL,11.75693847170247
2025-05-15 03:05:00,GOOGL,11.75693847170247
2025-05-15 03:10:00,GOOGL,11.75693847170247
2025-05-15 03:15:00,GOOGL,11.73296917818218
2025-05-15 03:20:00,GOOGL,11.70899988466189
2025-05-15 03:25:00,GOOGL,11.613122710580729
2025-05-15 03:30:00,GOOGL,11.66106129762131
2025-05-15 03:35:00,GOOGL,11.565184123540147
2025-05-15 03:40:00,GOOGL,11.66106129762131
2025-05-15 03:45:00,GOOGL,11.63709200410102
2025-05-15 03:50:00,GOOGL,11.66106129762131
2025-05-15 03:55:00,GOOGL,11.66106129762131
2025-05-15 04:00:00,GOOGL,11.63709200410102
2025-05-15 04:05:00,GOOGL,11.66106129762131
2025-05-15 04:10:00,GOOGL,11.75693847170247
2025-05-15 04:15:00,GOOGL,11.804877058743052
2025-05-15 04:20:00,GOOGL,11.804877058743052
2025-05-15 04:25:00,GOOGL,11.70899988466189
2025-05-15 04:30:00,GOOGL,11.73296917818218
2025-05-15 04:35:00,GOOGL,11.73296917818218
2025-05-15 04:40:00,GOOGL,11.66106129762131
2025-05-15 04:45:00,GOOGL,11.66106129762131
2025-05-15 04:50:00,GOOGL,11.6850305911416
2025-05-15 04:55:00,GOOGL,11.66106129762131
2025-05-15 05:00:00,GOOGL,11.780907765222763
2025-05-15 05:05:00,GOOGL,11.828846352263346
2025-05-15 05:10:00,GOOGL,11.75693847170247
2025-05-15 05:15:00,GOOGL,11.804877058743052
2025-05-15 05:20:00,GOOGL,11.804877058743052
2025-05-15 05:25:00,GOOGL,11.828846352263346
2025-05-15 05:30:00,GOOGL,11.924723526344506
2025-05-15 05:35:00,GOOGL,11.852815645783636
2025-05-15 05:40:00,GOOGL,11.876784939303926
2025-05-15 05:45:00,GOOGL,11.828846352263346
2025-05-15 05:50:00,GOOGL,11.876784939303926
2025-05-15 05:55:00,GOOGL,11.900754232824216
2025-05-15 06:00:00,GOOGL,11.900754232824216
2025-05-15 06:05:00,GOOGL,11.972662113385088
2025-05-15 06:10:00,GOOGL,12.04456999394596
2025-05-15 06:15:00,GOOGL,11.996631406905378
2025-05-15 06:20:00,GOOGL,11.948692819864796
2025-05-15 06:25:00,GOOGL,11.996631406905378
2025-05-15 06:30:00,GOOGL,11.996631406905378
2025-05-15 06:35:00,GOOGL,12.02060070042567
2025-05-15 06:40:00,GOOGL,12.02060070042567
2025-05-15 06:45:00,GOOGL,11.996631406905378
2025-05-15 06:50:00,GOOGL,11.996631406905378
2025-05-15 06:55:00,GOOGL,11.948692819864796
2025-05-15 07:00:00,GOOGL,11.996631406905378
2025-05-15 07:05:00,GOOGL,11.996631406905378
2025-05-15 07:10:00,GOOGL,12.02060070042567
2025-05-15 07:15:00,GOOGL,11.996631406905378
2025-05-15 07:20:00,GOOGL,11.948692819864796
2025-05-15 07:25:00,GOOGL,11.996631406905378
2025-05-15 07:30:00,GOOGL,12.02060070042567
2025-05-15 07:35:00,GOOGL,12.09250858098654
2025-05-15 07:40:00,GOOGL,12.11647787450683
2025-05-15 07:45:00,GOOGL,12.212355048587993
2025-05-15 07:50:00,GOOGL,12.236324342108283
2025-05-15 07:55:00,GOOGL,12.308232222669153
2025-05-15 08:00:00,GOOGL,12.332201516189443
2025-05-15 08:05:00,GOOGL,12.332201516189443
2025-05-15 08:10:00,GOOGL,12.499986570831476
2025-05-15 08:15:00,GOOGL,12.547925157872056
2025-05-15 08:20:00,GOOGL,12.571894451392346
2025-05-15 08:25:00,GOOGL,12.619833038432931
2025-05-15 08:30:00,GOOGL,12.619833038432931
2025-05-15 08:35:00,GOOGL,12.643802331953221
2025-05-15 08:40:00,GOOGL,12.523955864351766
2025-05-15 08:45:00,GOOGL,12.643802331953221
2025-05-15 08:50:00,GOOGL,12.643802331953221
2025-05-15 08:55:00,GOOGL,12.667771625473511
2025-05-15 09:00:00,GOOGL,12.571894451392346
2025-05-15 09:05:00,GOOGL,12.571894451392346
2025-05-15 09:10:00,GOOGL,12.523955864351766
2025-05-15 09:15:00,GOOGL,12.476017277311186
2025-05-15 09:20:00,GOOGL,12.380140103230023
2025-05-15 09:25:00,GOOGL,12.356170809709733
2025-05-15 09:30:00,GOOGL,12.356170809709733
2025-05-15 09:35:00,GOOGL,12.332201516189443
2025-05-15 09:40:00,GOOGL,12.356170809709733
2025-05-15 09:45:00,GOOGL,12.332201516189443
2025-05-15 09:50:00,GOOGL,12.284262929148863
2025-05-15 09:55:00,GOOGL,12.260293635628573
2025-05-15 10:00:00,GOOGL,12.308232222669153
2025-05-15 10:05:00,GOOGL,12.308232222669153
2025-05-15 10:10:00,GOOGL,12.308232222669153
2025-05-15 10:15:00,GOOGL,12.332201516189443
2025-05-15 10:20:00,GOOGL,12.523955864351766
2025-05-15 10:25:00,GOOGL,12.452047983790896
2025-05-15 10:30:00,GOOGL,12.476017277311186
2025-05-15 10:35:00,GOOGL,12.499986570831476
2025-05-15 10:40:00,GOOGL,12.380140103230023
2025-05-15 10:45:00,GOOGL,12.428078690270606
2025-05-15 10:50:00,GOOGL,12.428078690270606
2025-05-15 10:55:00,GOOGL,12.452047983790896
2025-05-15 11:00:00,GOOGL,12.428078690270606
2025-05-15 11:05:00,GOOGL,12.428078690270606
2025-05-15 11:10:00,GOOGL,12.404109396750316
2025-05-15 11:15:00,GOOGL,12.452047983790896
2025-05-15 11:20:00,GOOGL,12.476017277311186
2025-05-15 11:25:00,GOOGL,12.595863744912641
2025-05-15 11:30:00,GOOGL,12.619833038432931
2025-05-15 11:35:00,GOOGL,12.547925157872056
2025-05-15 11:40:00,GOOGL,12.547925157872056
2025-05-15 11:45:00,GOOGL,12.595863744912641
2025-05-15 11:50:00,GOOGL,12.499986570831476
2025-05-15 11:55:00,GOOGL,12.380140103230023
2025-05-15 12:00:00,GOOGL,12.404109396750316
2025-05-15 12:05:00,GOOGL,12.452047983790896
2025-05-15 12:10:00,GOOGL,12.404109396750316
2025-05-15 12:15:00,GOOGL,12.452047983790896
2025-05-15 12:20:00,GOOGL,12.523955864351766
2025-05-15 12:25:00,GOOGL,12.499986570831476
2025-05-15 12:30:00,GOOGL,12.595863744912641
2025-05-15 12:35:00,GOOGL,12.619833038432931
2025-05-15 12:40:00,GOOGL,12.571894451392346
2025-05-15 12:45:00,GOOGL,12.547925157872056
2025-05-15 12:50:00,GOOGL,12.571894451392346
2025-05-15 12:55:00,GOOGL,12.547925157872056
2025-05-15 13:00:00,GOOGL,12.499986570831476
2025-05-15 13:05:00,GOOGL,12.571894451392346
2025-05-15 13:10:00,GOOGL,12.547925157872056
2025-05-15 13:15:00,GOOGL,12.499986570831476
2025-05-15 13:20:00,GOOGL,12.547925157872056
2025-05-15 13:25:00,GOOGL,12.547925157872056
2025-05-15 13:30:00,GOOGL,12.571894451392346
2025-05-15 13:35:00,GOOGL,12.547925157872056
2025-05-15 13:40:00,GOOGL,12.571894451392346
2025-05-15 13:45:00,GOOGL,12.619833038432931
2025-05-15 13:50:00,GOOGL,12.643802331953221
2025-05-15 13:55:00,GOOGL,12.619833038432931
2025-05-15 14:00:00,GOOGL,12.619833038432931
2025-05-15 14:05:00,GOOGL,12.523955864351766
2025-05-15 14:10:00,GOOGL,12.571894451392346
2025-05-15 14:15:00,GOOGL,12.571894451392346
2025-05-15 14:20:00,GOOGL,12.691740918993801
2025-05-15 14:25:00,GOOGL,12.691740918993801
2025-05-15 14:30:00,GOOGL,12.667771625473511
2025-05-15 14:35:00,GOOGL,12.691740918993801
2025-05-15 14:40:00,GOOGL,12.763648799554671
2025-05-15 14:45:00,GOOGL,12.739679506034381
2025-05-15 14:50:00,GOOGL,12.763648799554671
2025-05-15 14:55:00,GOOGL,12.715710212514091
2025-05-15 15:00:00,GOOGL,12.619833038432931
2025-05-15 15:05:00,GOOGL,12.523955864351766
2025-05-15 15:10:00,GOOGL,12.547925157872056
2025-05-15 15:15:00,GOOGL,12.260293635628573
2025-05-15 15:20:00,GOOGL,12.380140103230023
2025-05-15 15:25:00,GOOGL,12.452047983790896
2025-05-15 15:30:00,GOOGL,12.428078690270606
2025-05-15 15:35:00,GOOGL,12.476017277311186
2025-05-15 15:40:00,GOOGL,12.499986570831476
2025-05-15 15:45:00,GOOGL,12.499986570831476
2025-05-15 15:50:00,GOOGL,12.523955864351766
2025-05-15 15:55:00,GOOGL,12.404109396750316
2025-05-15 16:00:00,GOOGL,12.428078690270606
2025-05-14 20:35:00,AMZN,12.465829861470198
2025-05-14 20:40:00,AMZN,12.426637461169346
2025-05-14 20:45:00,AMZN,12.426637461169346
2025-05-14 20:50:00,AMZN,12.465829861470198
2025-05-14 20:55:00,AMZN,12.505022261771051
2025-05-14 21:00:00,AMZN,12.544214662071903
2025-05-14 21:05:00,AMZN,12.583407062372755
2025-05-14 21:10:00,AMZN,12.583407062372755
2025-05-14 21:15:00,AMZN,12.622599462673609
2025-05-14 21:20:00,AMZN,12.622599462673609
2025-05-14 21:25:00,AMZN,12.583407062372755
2025-05-14 21:30:00,AMZN,12.465829861470198
2025-05-14 21:35:00,AMZN,12.505022261771051
2025-05-14 21:40:00,AMZN,12.465829861470198
2025-05-14 21:45:00,AMZN,12.387445060868492
2025-05-14 21:50:00,AMZN,12.387445060868492
2025-05-14 21:55:00,AMZN,12.505022261771051
2025-05-14 22:00:00,AMZN,12.544214662071903
2025-05-14 22:05:00,AMZN,12.505022261771051
2025-05-14 22:10:00,AMZN,12.505022261771051
2025-05-14 22:15:00,AMZN,12.544214662071903
2025-05-14 22:20:00,AMZN,12.505022261771051
2025-05-14 22:25:00,AMZN,12.465829861470198
2025-05-14 22:30:00,AMZN,12.505022261771051
2025-05-14 22:35:00,AMZN,12.505022261771051
2025-05-14 22:40:00,AMZN,12.465829861470198
2025-05-14 22:45:00,AMZN,12.426637461169346
2025-05-14 22:50:00,AMZN,12.505022261771051
2025-05-14 22:55:00,AMZN,12.544214662071903
2025-05-14 23:00:00,AMZN,12.544214662071903
2025-05-14 23:05:00,AMZN,12.505022261771051
2025-05-14 23:10:00,AMZN,12.622599462673609
2025-05-14 23:15:00,AMZN,12.583407062372755
2025-05-14 23:20:00,AMZN,12.622599462673609
2025-05-14 23:25:00,AMZN,12.622599462673609
2025-05-14 23:30:00,AMZN,12.544214662071903
2025-05-14 23:35:00,AMZN,12.544214662071903
2025-05-14 23:40:00,AMZN,12.505022261771051
2025-05-14 23:45:00,AMZN,12.426637461169346
2025-05-14 23:50:00,AMZN,12.426637461169346
2025-05-14 23:55:00,AMZN,12.426637461169346
2025-05-15 00:00:00,AMZN,12.426637461169346
2025-05-15 00:05:00,AMZN,12.505022261771051
2025-05-15 00:10:00,AMZN,12.387445060868492
2025-05-15 00:15:00,AMZN,12.465829861470198
2025-05-15 00:20:00,AMZN,12.387445060868492
2025-05-15 00:25:00,AMZN,12.309060260266788
2025-05-15 00:30:00,AMZN,12.34825266056764
2025-05-15 00:35:00,AMZN,12.34825266056764
2025-05-15 00:40:00,AMZN,12.34825266056764
2025-05-15 00:45:00,AMZN,12.269867859965935
2025-05-15 00:50:00,AMZN,12.309060260266788
2025-05-15 00:55:00,AMZN,12.269867859965935
2025-05-15 01:00:00,AMZN,12.230675459665083
2025-05-15 01:05:00,AMZN,12.309060260266788
2025-05-15 01:10:00,AMZN,12.269867859965935
2025-05-15 01:15:00,AMZN,12.230675459665083
2025-05-15 01:20:00,AMZN,12.309060260266788
2025-05-15 01:25:00,AMZN,12.309060260266788
2025-05-15 01:30:00,AMZN,12.309060260266788
2025-05-15 01:35:00,AMZN,12.309060260266788
2025-05-15 01:40:00,AMZN,12.19148305936423
2025-05-15 01:45:00,AMZN,12.230675459665083
2025-05-15 01:50:00,AMZN,12.269867859965935
2025-05-15 01:55:00,AMZN,12.19148305936423
2025-05-15 02:00:00,AMZN,12.19148305936423
2025-05-15 02:05:00,AMZN,12.113098258762525
2025-05-15 02:10:00,AMZN,12.073905858461671
2025-05-15 02:15:00,AMZN,12.113098258762525
2025-05-15 02:20:00,AMZN,12.19148305936423
2025-05-15 02:25:00,AMZN,12.113098258762525
2025-05-15 02:30:00,AMZN,12.073905858461671
2025-05-15 02:35:00,AMZN,12.113098258762525
2025-05-15 02:40:00,AMZN,12.03471345816082
2025-05-15 02:45:00,AMZN,12.03471345816082
2025-05-15 02:50:00,AMZN,12.073905858461671
2025-05-15 02:55:00,AMZN,12.073905858461671
2025-05-15 03:00:00,AMZN,12.03471345816082
2025-05-15 03:05:00,AMZN,11.995521057859968
2025-05-15 03:10:00,AMZN,11.995521057859968
2025-05-15 03:15:00,AMZN,12.03471345816082
2025-05-15 03:20:00,AMZN,12.03471345816082
2025-05-15 03:25:00,AMZN,12.113098258762525
2025-05-15 03:30:00,AMZN,12.269867859965935
2025-05-15 03:35:00,AMZN,12.19148305936423
2025-05-15 03:40:00,AMZN,11.917136257258262
2025-05-15 03:45:00,AMZN,11.799559056355704
2025-05-15 03:50:00,AMZN,11.76036665605485
2025-05-15 03:55:00,AMZN,11.799559056355704
2025-05-15 04:00:00,AMZN,11.838751456656556
2025-05-15 04:05:00,AMZN,11.877943856957408
2025-05-15 04:10:00,AMZN,11.799559056355704
2025-05-15 04:15:00,AMZN,11.877943856957408
2025-05-15 04:20:00,AMZN,11.76036665605485
2025-05-15 04:25:00,AMZN,11.838751456656556
2025-05-15 04:30:00,AMZN,11.838751456656556
2025-05-15 04:35:00,AMZN,11.877943856957408
2025-05-15 04:40:00,AMZN,11.76036665605485
2025-05-15 04:45:00,AMZN,11.799559056355704
2025-05-15 04:50:00,AMZN,11.76036665605485
2025-05-15 04:55:00,AMZN,11.721174255753999
2025-05-15 05:00:00,AMZN,11.799559056355704
2025-05-15 05:05:00,AMZN,11.838751456656556
2025-05-15 05:10:00,AMZN,11.956328657559114
2025-05-15 05:15:00,AMZN,11.956328657559114
2025-05-15 05:20:00,AMZN,11.956328657559114
2025-05-15 05:25:00,AMZN,12.152290659063377
2025-05-15 05:30:00,AMZN,12.19148305936423
2025-05-15 05:35:00,AMZN,12.230675459665083
2025-05-15 05:40:00,AMZN,12.19148305936423
2025-05-15 05:45:00,AMZN,12.19148305936423
2025-05-15 05:50:00,AMZN,12.152290659063377
2025-05-15 05:55:00,AMZN,12.073905858461671
2025-05-15 06:00:00,AMZN,12.113098258762525
2025-05-15 06:05:00,AMZN,12.19148305936423
2025-05-15 06:10:00,AMZN,12.230675459665083
2025-05-15 06:15:00,AMZN,12.309060260266788
2025-05-15 06:20:00,AMZN,12.152290659063377
2025-05-15 06:25:00,AMZN,12.113098258762525
2025-05-15 06:30:00,AMZN,12.19148305936423
2025-05-15 06:35:00,AMZN,12.230675459665083
2025-05-15 06:40:00,AMZN,12.19148305936423
2025-05-15 06:45:00,AMZN,12.152290659063377
2025-05-15 06:50:00,AMZN,12.19148305936423
2025-05-15 06:55:00,AMZN,12.230675459665083
2025-05-15 07:00:00,AMZN,12.113098258762525
2025-05-15 07:05:00,AMZN,11.721174255753999
2025-05-15 07:10:00,AMZN,11.799559056355704
2025-05-15 07:15:00,AMZN,11.76036665605485
2025-05-15 07:20:00,AMZN,11.838751456656556
2025-05-15 07:25:00,AMZN,11.838751456656556
2025-05-15 07:30:00,AMZN,11.838751456656556
2025-05-15 07:35:00,AMZN,11.877943856957408
2025-05-15 07:40:00,AMZN,11.877943856957408
2025-05-15 07:45:00,AMZN,11.877943856957408
2025-05-15 07:50:00,AMZN,11.877943856957408
2025-05-15 07:55:00,AMZN,11.877943856957408
2025-05-15 08:00:00,AMZN,11.877943856957408
2025-05-15 08:05:00,AMZN,11.917136257258262
2025-05-15 08:10:00,AMZN,11.877943856957408
2025-05-15 08:15:00,AMZN,11.917136257258262
2025-05-15 08:20:00,AMZN,11.917136257258262
2025-05-15 08:25:00,AMZN,11.956328657559114
2025-05-15 08:30:00,AMZN,11.995521057859968
2025-05-15 08:35:00,AMZN,11.995521057859968
2025-05-15 08:40:00,AMZN,11.956328657559114
2025-05-15 08:45:00,AMZN,12.03471345816082
2025-05-15 08:50:00,AMZN,12.03471345816082
2025-05-15 08:55:00,AMZN,12.03471345816082
2025-05-15 09:00:00,AMZN,12.03471345816082
2025-05-15 09:05:00,AMZN,12.03471345816082
2025-05-15 09:10:00,AMZN,12.03471345816082
2025-05-15 09:15:00,AMZN,11.995521057859968
2025-05-15 09:20:00,AMZN,11.956328657559114
2025-05-15 09:25:00,AMZN,11.995521057859968
2025-05-15 09:30:00,AMZN,12.073905858461671
2025-05-15 09:35:00,AMZN,12.03471345816082
2025-05-15 09:40:00,AMZN,12.073905858461671
2025-05-15 09:45:00,AMZN,12.113098258762525
2025-05-15 09:50:00,AMZN,12.073905858461671
2025-05-15 09:55:00,AMZN,12.113098258762525
2025-05-15 10:00:00,AMZN,12.073905858461671
2025-05-15 10:05:00,AMZN,12.073905858461671
2025-05-15 10:10:00,AMZN,12.113098258762525
2025-05-15 10:15:00,AMZN,12.03471345816082
2025-05-15 10:20:00,AMZN,12.03471345816082
2025-05-15 10:25:00,AMZN,12.03471345816082
2025-05-15 10:30:00,AMZN,11.995521057859968
2025-05-15 10:35:00,AMZN,11.917136257258262
2025-05-15 10:40:00,AMZN,11.917136257258262
2025-05-15 10:45:00,AMZN,11.956328657559114
2025-05-15 10:50:00,AMZN,11.956328657559114
2025-05-15 10:55:00,AMZN,11.956328657559114
2025-05-15 11:00:00,AMZN,12.03471345816082
2025-05-15 11:05:00,AMZN,12.03471345816082
2025-05-15 11:10:00,AMZN,12.073905858461671
2025-05-15 11:15:00,AMZN,12.073905858461671
2025-05-15 11:20:00,AMZN,12.113098258762525
2025-05-15 11:25:00,AMZN,12.113098258762525
2025-05-15 11:30:00,AMZN,12.113098258762525
2025-05-15 11:35:00,AMZN,12.113098258762525
2025-05-15 11:40:00,AMZN,12.03471345816082
2025-05-15 11:45:00,AMZN,12.073905858461671
2025-05-15 11:50:00,AMZN,12.03471345816082
2025-05-15 11:55:00,AMZN,11.995521057859968
2025-05-15 12:00:00,AMZN,11.956328657559114
2025-05-15 12:05:00,AMZN,12.03471345816082
2025-05-15 12:10:00,AMZN,12.03471345816082
2025-05-15 12:15:00,AMZN,12.03471345816082
2025-05-15 12:20:00,AMZN,11.995521057859968
2025-05-15 12:25:00,AMZN,12.113098258762525
2025-05-15 12:30:00,AMZN,12.113098258762525
2025-05-15 12:35:00,AMZN,12.073905858461671
2025-05-15 12:40:00,AMZN,12.073905858461671
2025-05-15 12:45:00,AMZN,12.113098258762525
2025-05-15 12:50:00,AMZN,12.073905858461671
2025-05-15 12:55:00,AMZN,12.19148305936423
2025-05-15 13:00:00,AMZN,12.152290659063377
2025-05-15 13:05:00,AMZN,12.113098258762525
2025-05-15 13:10:00,AMZN,12.152290659063377
2025-05-15 13:15:00,AMZN,12.152290659063377
2025-05-15 13:20:00,AMZN,12.19148305936423
2025-05-15 13:25:00,AMZN,12.269867859965935
2025-05-15 13:30:00,AMZN,12.230675459665083
2025-05-15 13:35:00,AMZN,12.269867859965935
2025-05-15 13:40:00,AMZN,12.19148305936423
2025-05-15 13:45:00,AMZN,12.309060260266788
2025-05-15 13:50:00,AMZN,12.269867859965935
2025-05-15 13:55:00,AMZN,12.309060260266788
2025-05-15 14:00:00,AMZN,12.269867859965935
2025-05-15 14:05:00,AMZN,12.19148305936423
2025-05-15 14:10:00,AMZN,12.309060260266788
2025-05-15 14:15:00,AMZN,12.309060260266788
2025-05-15 14:20:00,AMZN,12.34825266056764
2025-05-15 14:25:00,AMZN,12.387445060868492
2025-05-15 14:30:00,AMZN,12.34825266056764
2025-05-15 14:35:00,AMZN,12.34825266056764
2025-05-15 14:40:00,AMZN,12.387445060868492
2025-05-15 14:45:00,AMZN,12.34825266056764
2025-05-15 14:50:00,AMZN,12.34825266056764
2025-05-15 14:55:00,AMZN,12.387445060868492
2025-05-15 15:00:00,AMZN,12.387445060868492
2025-05-15 15:05:00,AMZN,12.426637461169346
2025-05-15 15:10:00,AMZN,12.465829861470198
2025-05-15 15:15:00,AMZN,12.465829861470198
2025-05-15 15:20:00,AMZN,12.465829861470198
2025-05-15 15:25:00,AMZN,12.505022261771051
2025-05-15 15:30:00,AMZN,12.387445060868492
2025-05-15 15:35:00,AMZN,12.426637461169346
2025-05-15 15:40:00,AMZN,12.426637461169346
2025-05-15 15:45:00,AMZN,12.465829861470198
2025-05-15 15:50:00,AMZN,12.426637461169346
2025-05-15 15:55:00,AMZN,12.465829861470198
2025-05-15 16:00:00,AMZN,12.34825266056764
2025-05-14 20:35:00,NVDA,8.554240031119654
2025-05-14 20:40:00,NVDA,8.421423106813089
2025-05-14 20:45:00,NVDA,8.521035800043013
2025-05-14 20:50:00,NVDA,8.545938973350493
2025-05-14 20:55:00,NVDA,8.570842146657974
2025-05-14 21:00:00,NVDA,8.587444262196295
2025-05-14 21:05:00,NVDA,8.579143204427135
2025-05-14 21:10:00,NVDA,8.645551666580417
2025-05-14 21:15:00,NVDA,8.653852724349576
2025-05-14 21:20:00,NVDA,8.678755897657059
2025-05-14 21:25:00,NVDA,8.819873879732782
2025-05-14 21:30:00,NVDA,8.770067533117821
2025-05-14 21:35:00,NVDA,8.687056955426218
2025-05-14 21:40:00,NVDA,8.678755897657059
2025-05-14 21:45:00,NVDA,8.678755897657059
2025-05-14 21:50:00,NVDA,8.620648493272936
2025-05-14 21:55:00,NVDA,8.695358013195378
2025-05-14 22:00:00,NVDA,8.74516435981034
2025-05-14 22:05:00,NVDA,8.76176647534866
2025-05-14 22:10:00,NVDA,8.770067533117821
2025-05-14 22:15:00,NVDA,8.794970706425302
2025-05-14 22:20:00,NVDA,8.811572821963622
2025-05-14 22:25:00,NVDA,8.877981284116904
2025-05-14 22:30:00,NVDA,8.886282341886066
2025-05-14 22:35:00,NVDA,8.894583399655225
2025-05-14 22:40:00,NVDA,8.911185515193544
2025-05-14 22:45:00,NVDA,8.861379168578583
2025-05-14 22:50:00,NVDA,8.811572821963622
2025-05-14 22:55:00,NVDA,8.828174937501943
2025-05-14 23:00:00,NVDA,8.844777053040263
2025-05-14 23:05:00,NVDA,8.886282341886066
2025-05-14 23:10:00,NVDA,8.869680226347743
2025-05-14 23:15:00,NVDA,8.811572821963622
2025-05-14 23:20:00,NVDA,8.861379168578583
2025-05-14 23:25:00,NVDA,8.853078110809424
2025-05-14 23:30:00,NVDA,8.877981284116904
2025-05-14 23:35:00,NVDA,8.927787630731865
2025-05-14 23:40:00,NVDA,8.902884457424385
2025-05-14 23:45:00,NVDA,8.927787630731865
2025-05-14 23:50:00,NVDA,8.952690804039348
2025-05-14 23:55:00,NVDA,8.985895035115988
2025-05-15 00:00:00,NVDA,8.985895035115988
2025-05-15 00:05:00,NVDA,9.010798208423468
2025-05-15 00:10:00,NVDA,9.002497150654307
2025-05-15 00:15:00,NVDA,9.002497150654307
2025-05-15 00:20:00,NVDA,9.01909926619263
2025-05-15 00:25:00,NVDA,9.035701381730949
2025-05-15 00:30:00,NVDA,9.135314074960872
2025-05-15 00:35:00,NVDA,9.168518306037514
2025-05-15 00:40:00,NVDA,9.151916190499191
2025-05-15 00:45:00,NVDA,9.127013017191713
2025-05-15 00:50:00,NVDA,9.135314074960872
2025-05-15 00:55:00,NVDA,9.160217248268355
2025-05-15 01:00:00,NVDA,9.160217248268355
2025-05-15 01:05:00,NVDA,9.135314074960872
2025-05-15 01:10:00,NVDA,9.151916190499191
2025-05-15 01:15:00,NVDA,9.135314074960872
2025-05-15 01:20:00,NVDA,9.093808786115071
2025-05-15 01:25:00,NVDA,9.201722537114154
2025-05-15 01:30:00,NVDA,9.218324652652475
2025-05-15 01:35:00,NVDA,9.193421479344995
2025-05-15 01:40:00,NVDA,9.185120421575833
2025-05-15 01:45:00,NVDA,9.176819363806674
2025-05-15 01:50:00,NVDA,9.218324652652475
2025-05-15 01:55:00,NVDA,9.234926768190796
2025-05-15 02:00:00,NVDA,9.251528883729117
2025-05-15 02:05:00,NVDA,9.259829941498277
2025-05-15 02:10:00,NVDA,9.243227825959956
2025-05-15 02:15:00,NVDA,9.201722537114154
2025-05-15 02:20:00,NVDA,9.193421479344995
2025-05-15 02:25:00,NVDA,9.168518306037514
2025-05-15 02:30:00,NVDA,9.201722537114154
2025-05-15 02:35:00,NVDA,9.160217248268355
2025-05-15 02:40:00,NVDA,9.110410901653392
2025-05-15 02:45:00,NVDA,9.226625710421636
2025-05-15 02:50:00,NVDA,9.259829941498277
2025-05-15 02:55:00,NVDA,9.218324652652475
2025-05-15 03:00:00,NVDA,9.226625710421636
2025-05-15 03:05:00,NVDA,9.251528883729117
2025-05-15 03:10:00,NVDA,9.226625710421636
2025-05-15 03:15:00,NVDA,9.234926768190796
2025-05-15 03:20:00,NVDA,9.218324652652475
2025-05-15 03:25:00,NVDA,9.135314074960872
2025-05-15 03:30:00,NVDA,9.143615132730032
2025-05-15 03:35:00,NVDA,9.135314074960872
2025-05-15 03:40:00,NVDA,9.160217248268355
2025-05-15 03:45:00,NVDA,9.201722537114154
2025-05-15 03:50:00,NVDA,9.185120421575833
2025-05-15 03:55:00,NVDA,9.201722537114154
2025-05-15 04:00:00,NVDA,9.210023594883314
2025-05-15 04:05:00,NVDA,9.201722537114154
2025-05-15 04:10:00,NVDA,9.193421479344995
2025-05-15 04:15:00,NVDA,9.193421479344995
2025-05-15 04:20:00,NVDA,9.193421479344995
2025-05-15 04:25:00,NVDA,9.218324652652475
2025-05-15 04:30:00,NVDA,9.293034172574918
2025-05-15 04:35:00,NVDA,9.317937345882399
2025-05-15 04:40:00,NVDA,9.376044750266521
2025-05-15 04:45:00,NVDA,9.34284051918988
2025-05-15 04:50:00,NVDA,9.36774369249736
2025-05-15 04:55:00,NVDA,9.41755003911232
2025-05-15 05:00:00,NVDA,9.450754270188963
2025-05-15 05:05:00,NVDA,9.409248981343161
2025-05-15 05:10:00,NVDA,9.36774369249736
2025-05-15 05:15:00,NVDA,9.334539461420718
2025-05-15 05:20:00,NVDA,9.210023594883314
2025-05-15 05:25:00,NVDA,9.251528883729117
2025-05-15 05:30:00,NVDA,9.193421479344995
2025-05-15 05:35:00,NVDA,9.185120421575833
2025-05-15 05:40:00,NVDA,9.193421479344995
2025-05-15 05:45:00,NVDA,9.176819363806674
2025-05-15 05:50:00,NVDA,9.185120421575833
2025-05-15 05:55:00,NVDA,9.160217248268355
2025-05-15 06:00:00,NVDA,9.151916190499191
2025-05-15 06:05:00,NVDA,9.185120421575833
2025-05-15 06:10:00,NVDA,9.185120421575833
2025-05-15 06:15:00,NVDA,9.234926768190796
2025-05-15 06:20:00,NVDA,9.226625710421636
2025-05-15 06:25:00,NVDA,9.226625710421636
2025-05-15 06:30:00,NVDA,9.218324652652475
2025-05-15 06:35:00,NVDA,9.359442634728198
2025-05-15 06:40:00,NVDA,9.34284051918988
2025-05-15 06:45:00,NVDA,9.376044750266521
2025-05-15 06:50:00,NVDA,9.359442634728198
2025-05-15 06:55:00,NVDA,9.317937345882399
2025-05-15 07:00:00,NVDA,9.317937345882399
2025-05-15 07:05:00,NVDA,9.317937345882399
2025-05-15 07:10:00,NVDA,9.309636288113238
2025-05-15 07:15:00,NVDA,9.301335230344078
2025-05-15 07:20:00,NVDA,9.293034172574918
2025-05-15 07:25:00,NVDA,9.268130999267436
2025-05-15 07:30:00,NVDA,9.251528883729117
2025-05-15 07:35:00,NVDA,9.259829941498277
2025-05-15 07:40:00,NVDA,9.259829941498277
2025-05-15 07:45:00,NVDA,9.276432057036596
2025-05-15 07:50:00,NVDA,9.293034172574918
2025-05-15 07:55:00,NVDA,9.284733114805757
2025-05-15 08:00:00,NVDA,9.301335230344078
2025-05-15 08:05:00,NVDA,9.284733114805757
2025-05-15 08:10:00,NVDA,9.259829941498277
2025-05-15 08:15:00,NVDA,9.259829941498277
2025-05-15 08:20:00,NVDA,9.268130999267436
2025-05-15 08:25:00,NVDA,9.276432057036596
2025-05-15 08:30:00,NVDA,9.259829941498277
2025-05-15 08:35:00,NVDA,9.268130999267436
2025-05-15 08:40:00,NVDA,9.259829941498277
2025-05-15 08:45:00,NVDA,9.293034172574918
2025-05-15 08:50:00,NVDA,9.251528883729117
2025-05-15 08:55:00,NVDA,9.259829941498277
2025-05-15 09:00:00,NVDA,9.268130999267436
2025-05-15 09:05:00,NVDA,9.168518306037514
2025-05-15 09:10:00,NVDA,9.185120421575833
2025-05-15 09:15:00,NVDA,9.185120421575833
2025-05-15 09:20:00,NVDA,9.151916190499191
2025-05-15 09:25:00,NVDA,9.110410901653392
2025-05-15 09:30:00,NVDA,9.060604555038429
2025-05-15 09:35:00,NVDA,9.07720667057675
2025-05-15 09:40:00,NVDA,9.110410901653392
2025-05-15 09:45:00,NVDA,9.04400243950011
2025-05-15 09:50:00,NVDA,9.060604555038429
2025-05-15 09:55:00,NVDA,9.035701381730949
2025-05-15 10:00:00,NVDA,9.01909926619263
2025-05-15 10:05:00,NVDA,8.985895035115988
2025-05-15 10:10:00,NVDA,9.010798208423468
2025-05-15 10:15:00,NVDA,9.07720667057675
2025-05-15 10:20:00,NVDA,9.102109843884232
2025-05-15 10:25:00,NVDA,9.07720667057675
2025-05-15 10:30:00,NVDA,9.06890561280759
2025-05-15 10:35:00,NVDA,9.160217248268355
2025-05-15 10:40:00,NVDA,9.135314074960872
2025-05-15 10:45:00,NVDA,9.201722537114154
2025-05-15 10:50:00,NVDA,9.193421479344995
2025-05-15 10:55:00,NVDA,9.185120421575833
2025-05-15 11:00:00,NVDA,9.193421479344995
2025-05-15 11:05:00,NVDA,9.226625710421636
2025-05-15 11:10:00,NVDA,9.218324652652475
2025-05-15 11:15:00,NVDA,9.193421479344995
2025-05-15 11:20:00,NVDA,9.168518306037514
2025-05-15 11:25:00,NVDA,9.193421479344995
2025-05-15 11:30:00,NVDA,9.193421479344995
2025-05-15 11:35:00,NVDA,9.251528883729117
2025-05-15 11:40:00,NVDA,9.276432057036596
2025-05-15 11:45:00,NVDA,9.293034172574918
2025-05-15 11:50:00,NVDA,9.326238403651558
2025-05-15 11:55:00,NVDA,9.334539461420718
2025-05-15 12:00:00,NVDA,9.243227825959956
2025-05-15 12:05:00,NVDA,9.38434580803568
2025-05-15 12:10:00,NVDA,9.467356385727284
2025-05-15 12:15:00,NVDA,9.591872252264688
2025-05-15 12:20:00,NVDA,9.583571194495526
2025-05-15 12:25:00,NVDA,9.600173310033847
2025-05-15 12:30:00,NVDA,9.575270136726367
2025-05-15 12:35:00,NVDA,9.591872252264688
2025-05-15 12:40:00,NVDA,9.65828071441797
2025-05-15 12:45:00,NVDA,9.633377541110487
2025-05-15 12:50:00,NVDA,9.542065905649725
2025-05-15 12:55:00,NVDA,9.525463790111406
2025-05-15 13:00:00,NVDA,9.517162732342245
2025-05-15 13:05:00,NVDA,9.550366963418885
2025-05-15 13:10:00,NVDA,9.550366963418885
2025-05-15 13:15:00,NVDA,9.517162732342245
2025-05-15 13:20:00,NVDA,9.566969078957205
2025-05-15 13:25:00,NVDA,9.583571194495526
2025-05-15 13:30:00,NVDA,9.600173310033847
2025-05-15 13:35:00,NVDA,9.566969078957205
2025-05-15 13:40:00,NVDA,9.550366963418885
2025-05-15 13:45:00,NVDA,9.591872252264688
2025-05-15 13:50:00,NVDA,9.591872252264688
2025-05-15 13:55:00,NVDA,9.583571194495526
2025-05-15 14:00:00,NVDA,9.575270136726367
2025-05-15 14:05:00,NVDA,9.566969078957205
2025-05-15 14:10:00,NVDA,9.566969078957205
2025-05-15 14:15:00,NVDA,9.558668021188046
2025-05-15 14:20:00,NVDA,9.550366963418885
2025-05-15 14:25:00,NVDA,9.525463790111406
2025-05-15 14:30:00,NVDA,9.500560616803925
2025-05-15 14:35:00,NVDA,9.558668021188046
2025-05-15 14:40:00,NVDA,9.533764847880565
2025-05-15 14:45:00,NVDA,9.583571194495526
2025-05-15 14:50:00,NVDA,9.608474367803007
2025-05-15 14:55:00,NVDA,9.633377541110487
2025-05-15 15:00:00,NVDA,9.641678598879649
2025-05-15 15:05:00,NVDA,9.674882829956289
2025-05-15 15:10:00,NVDA,9.69148494549461
2025-05-15 15:15:00,NVDA,9.64997965664881
2025-05-15 15:20:00,NVDA,9.70808706103293
2025-05-15 15:25:00,NVDA,9.674882829956289
2025-05-15 15:30:00,NVDA,9.608474367803007
2025-05-15 15:35:00,NVDA,9.608474367803007
2025-05-15 15:40:00,NVDA,9.608474367803007
2025-05-15 15:45:00,NVDA,9.566969078957205
2025-05-15 15:50:00,NVDA,9.583571194495526
2025-05-15 15:55:00,NVDA,9.566969078957205
2025-05-15 16:00:00,NVDA,9.566969078957205
2025-05-14 20:35:00,META,21.021490074929627
2025-05-14 20:40:00,META,21.07128928150334
2025-05-14 20:45:00,META,21.10863868643363
2025-05-14 20:50:00,META,21.058839479859916
2025-05-14 20:55:00,META,21.158437893007342
2025-05-14 21:00:00,META,21.258036306154775
2025-05-14 21:05:00,META,21.270486107798206
2025-05-14 21:10:00,META,21.270486107798206
2025-05-14 21:15:00,META,21.170887694650773
2025-05-14 21:20:00,META,21.432333529162783
2025-05-14 21:25:00,META,21.320285314371922
2025-05-14 21:30:00,META,21.33273511601535
2025-05-14 21:35:00,META,21.60663075217078
2025-05-14 21:40:00,META,21.60663075217078
2025-05-14 21:45:00,META,21.60663075217078
2025-05-14 21:50:00,META,21.63153035545764
2025-05-14 21:55:00,META,21.556831545597067
2025-05-14 22:00:00,META,21.556831545597067
2025-05-14 22:05:00,META,21.66887976038793
2025-05-14 22:10:00,META,21.63153035545764
2025-05-14 22:15:00,META,21.594180950527356
2025-05-14 22:20:00,META,21.556831545597067
2025-05-14 22:25:00,META,21.569281347240498
2025-05-14 22:30:00,META,21.58173114888393
2025-05-14 22:35:00,META,21.569281347240498
2025-05-14 22:40:00,META,21.531931942310216
2025-05-14 22:45:00,META,21.469682934093065
2025-05-14 22:50:00,META,21.444783330806214
2025-05-14 22:55:00,META,21.531931942310216
2025-05-14 23:00:00,META,21.469682934093065
2025-05-14 23:05:00,META,21.556831545597067
2025-05-14 23:10:00,META,21.482132735736496
2025-05-14 23:15:00,META,21.507032339023354
2025-05-14 23:20:00,META,21.457233132449637
2025-05-14 23:25:00,META,21.407433925875925
2025-05-14 23:30:00,META,21.507032339023354
2025-05-14 23:35:00,META,21.444783330806214
2025-05-14 23:40:00,META,21.419883727519352
2025-05-14 23:45:00,META,21.482132735736496
2025-05-14 23:50:00,META,21.444783330806214
2025-05-14 23:55:00,META,21.457233132449637
2025-05-15 00:00:00,META,21.482132735736496
2025-05-15 00:05:00,META,21.457233132449637
2025-05-15 00:10:00,META,21.307835512728495
2025-05-15 00:15:00,META,21.12108848807706
2025-05-15 00:20:00,META,20.984140669999338
2025-05-15 00:25:00,META,20.784943843704482
2025-05-15 00:30:00,META,20.710245033843904
2025-05-15 00:35:00,META,20.90944186013877
2025-05-15 00:40:00,META,20.59819681905305
2025-05-15 00:45:00,META,20.809843446991337
2025-05-15 00:50:00,META,20.90944186013877
2025-05-15 00:55:00,META,20.809843446991337
2025-05-15 01:00:00,META,20.710245033843904
2025-05-15 01:05:00,META,20.747594438774193
2025-05-15 01:10:00,META,20.76004424041762
2025-05-15 01:15:00,META,20.89699205849534
2025-05-15 01:20:00,META,20.89699205849534
2025-05-15 01:25:00,META,20.89699205849534
2025-05-15 01:30:00,META,21.19578729793763
2025-05-15 01:35:00,META,21.245586504511344
2025-05-15 01:40:00,META,21.33273511601535
2025-05-15 01:45:00,META,21.357634719302208
2025-05-15 01:50:00,META,21.245586504511344
2025-05-15 01:55:00,META,21.170887694650773
2025-05-15 02:00:00,META,21.0961888847902
2025-05-15 02:05:00,META,20.971690868355914
2025-05-15 02:10:00,META,20.89699205849534
2025-05-15 02:15:00,META,20.90944186013877
2025-05-15 02:20:00,META,20.647996025626764
2025-05-15 02:25:00,META,20.735144637130766
2025-05-15 02:30:00,META,20.710245033843904
2025-05-15 02:35:00,META,20.784943843704482
2025-05-15 02:40:00,META,20.69779523220048
2025-05-15 02:45:00,META,20.747594438774193
2025-05-15 02:50:00,META,20.722694835487335
2025-05-15 02:55:00,META,20.797393645347906
2025-05-15 03:00:00,META,20.809843446991337
2025-05-15 03:05:00,META,20.90944186013877
2025-05-15 03:10:00,META,21.208237099581062
2025-05-15 03:15:00,META,21.19578729793763
2025-05-15 03:20:00,META,21.158437893007342
2025-05-15 03:25:00,META,21.245586504511344
2025-05-15 03:30:00,META,21.258036306154775
2025-05-15 03:35:00,META,21.220686901224493
2025-05-15 03:40:00,META,21.145988091363918
2025-05-15 03:45:00,META,21.19578729793763
2025-05-15 03:50:00,META,21.23313670286792
2025-05-15 03:55:00,META,21.208237099581062
2025-05-15 04:00:00,META,21.058839479859916
2025-05-15 04:05:00,META,21.04638967821649
2025-05-15 04:10:00,META,21.04638967821649
2025-05-15 04:15:00,META,21.058839479859916
2025-05-15 04:20:00,META,21.12108848807706
2025-05-15 04:25:00,META,21.12108848807706
2025-05-15 04:30:00,META,21.270486107798206
2025-05-15 04:35:00,META,21.382534322589063
2025-05-15 04:40:00,META,21.444783330806214
2025-05-15 04:45:00,META,21.307835512728495
2025-05-15 04:50:00,META,21.556831545597067
2025-05-15 04:55:00,META,21.58173114888393
2025-05-15 05:00:00,META,21.693779363674786
2025-05-15 05:05:00,META,21.756028371891933
2025-05-15 05:10:00,META,21.718678966961647
2025-05-15 05:15:00,META,21.76847817353536
2025-05-15 05:20:00,META,21.6564299587445
2025-05-15 05:25:00,META,21.63153035545764
2025-05-15 05:30:00,META,21.64398015710107
2025-05-15 05:35:00,META,21.681329562031358
2025-05-15 05:40:00,META,21.86807658668279
2025-05-15 05:45:00,META,22.104622817907938
2025-05-15 05:50:00,META,22.029924008047367
2025-05-15 05:55:00,META,22.129522421194796
2025-05-15 06:00:00,META,21.967674999830223
2025-05-15 06:05:00,META,22.092173016264507
2025-05-15 06:10:00,META,22.017474206403936
2025-05-15 06:15:00,META,22.017474206403936
2025-05-15 06:20:00,META,22.067273412977656
2025-05-15 06:25:00,META,22.079723214621083
2025-05-15 06:30:00,META,21.967674999830223
2025-05-15 06:35:00,META,21.955225198186792
2025-05-15 06:40:00,META,21.967674999830223
2025-05-15 06:45:00,META,21.942775396543365
2025-05-15 06:50:00,META,22.029924008047367
2025-05-15 06:55:00,META,22.092173016264507
2025-05-15 07:00:00,META,22.11707261955137
2025-05-15 07:05:00,META,22.129522421194796
2025-05-15 07:10:00,META,22.129522421194796
2025-05-15 07:15:00,META,22.316269445846228
2025-05-15 07:20:00,META,22.34116904913309
2025-05-15 07:25:00,META,22.390968255706802
2025-05-15 07:30:00,META,22.44076746228052
2025-05-15 07:35:00,META,22.41586785899366
2025-05-15 07:40:00,META,22.42831766063709
2025-05-15 07:45:00,META,22.52791607378452
2025-05-15 07:50:00,META,22.46566706556738
2025-05-15 07:55:00,META,22.42831766063709
2025-05-15 08:00:00,META,22.42831766063709
2025-05-15 08:05:00,META,22.42831766063709
2025-05-15 08:10:00,META,22.390968255706802
2025-05-15 08:15:00,META,22.41586785899366
2025-05-15 08:20:00,META,22.46566706556738
2025-05-15 08:25:00,META,22.45321726392395
2025-05-15 08:30:00,META,22.46566706556738
2025-05-15 08:35:00,META,22.490566668854232
2025-05-15 08:40:00,META,22.42831766063709
2025-05-15 08:45:00,META,22.689763495149098
2025-05-15 08:50:00,META,22.677313693505667
2025-05-15 08:55:00,META,22.702213296792525
2025-05-15 09:00:00,META,22.639964288575378
2025-05-15 09:05:00,META,22.615064685288523
2025-05-15 09:10:00,META,22.577715280358234
2025-05-15 09:15:00,META,22.615064685288523
2025-05-15 09:20:00,META,22.76446230500967
2025-05-15 09:25:00,META,22.864060718157102
2025-05-15 09:30:00,META,22.83916111487024
2025-05-15 09:35:00,META,22.826711313226816
2025-05-15 09:40:00,META,22.7769121066531
2025-05-15 09:45:00,META,22.826711313226816
2025-05-15 09:50:00,META,22.826711313226816
2025-05-15 09:55:00,META,22.752012503366238
2025-05-15 10:00:00,META,22.677313693505667
2025-05-15 10:05:00,META,22.590165082001665
2025-05-15 10:10:00,META,22.664863891862236
2025-05-15 10:15:00,META,22.689763495149098
2025-05-15 10:20:00,META,22.714663098435953
2025-05-15 10:25:00,META,22.627514486931947
2025-05-15 10:30:00,META,22.615064685288523
2025-05-15 10:35:00,META,22.664863891862236
2025-05-15 10:40:00,META,22.72711290007938
2025-05-15 10:45:00,META,22.83916111487024
2025-05-15 10:50:00,META,22.76446230500967
2025-05-15 10:55:00,META,22.789361908296527
2025-05-15 11:00:00,META,22.76446230500967
2025-05-15 11:05:00,META,22.851610916513668
2025-05-15 11:10:00,META,22.76446230500967
2025-05-15 11:15:00,META,22.7769121066531
2025-05-15 11:20:00,META,22.814261511583386
2025-05-15 11:25:00,META,22.888960321443957
2025-05-15 11:30:00,META,22.9512093296611
2025-05-15 11:35:00,META,23.06325754445196
2025-05-15 11:40:00,META,23.075707346095392
2025-05-15 11:45:00,META,23.013458337878244
2025-05-15 11:50:00,META,23.025908139521672
2025-05-15 11:55:00,META,22.98855873459139
2025-05-15 12:00:00,META,22.814261511583386
2025-05-15 12:05:00,META,22.864060718157102
2025-05-15 12:10:00,META,22.851610916513668
2025-05-15 12:15:00,META,22.96365913130453
2025-05-15 12:20:00,META,22.96365913130453
2025-05-15 12:25:00,META,22.87651051980053
2025-05-15 12:30:00,META,22.76446230500967
2025-05-15 12:35:00,META,22.677313693505667
2025-05-15 12:40:00,META,22.677313693505667
2025-05-15 12:45:00,META,22.702213296792525
2025-05-15 12:50:00,META,22.702213296792525
2025-05-15 12:55:00,META,22.689763495149098
2025-05-15 13:00:00,META,22.689763495149098
2025-05-15 13:05:00,META,22.714663098435953
2025-05-15 13:10:00,META,22.826711313226816
2025-05-15 13:15:00,META,22.864060718157102
2025-05-15 13:20:00,META,22.801811709939955
2025-05-15 13:25:00,META,22.801811709939955
2025-05-15 13:30:00,META,22.814261511583386
2025-05-15 13:35:00,META,22.72711290007938
2025-05-15 13:40:00,META,22.540365875427945
2025-05-15 13:45:00,META,22.490566668854232
2025-05-15 13:50:00,META,22.478116867210804
2025-05-15 13:55:00,META,22.45321726392395
2025-05-15 14:00:00,META,22.714663098435953
2025-05-15 14:05:00,META,22.826711313226816
2025-05-15 14:10:00,META,22.789361908296527
2025-05-15 14:15:00,META,22.83916111487024
2025-05-15 14:20:00,META,22.926309726374242
2025-05-15 14:25:00,META,22.97610893294796
2025-05-15 14:30:00,META,22.83916111487024
2025-05-15 14:35:00,META,22.926309726374242
2025-05-15 14:40:00,META,22.901410123087388
2025-05-15 14:45:00,META,22.93875952801767
2025-05-15 14:50:00,META,22.752012503366238
2025-05-15 14:55:00,META,22.73956270172281
2025-05-15 15:00:00,META,22.73956270172281
2025-05-15 15:05:00,META,22.801811709939955
2025-05-15 15:10:00,META,22.7769121066531
2025-05-15 15:15:00,META,22.602614883645096
2025-05-15 15:20:00,META,22.689763495149098
2025-05-15 15:25:00,META,22.72711290007938
2025-05-15 15:30:00,META,22.752012503366238
2025-05-15 15:35:00,META,22.851610916513668
2025-05-15 15:40:00,META,22.73956270172281
2025-05-15 15:45:00,META,22.801811709939955
2025-05-15 15:50:00,META,22.73956270172281
2025-05-15 15:55:00,META,22.702213296792525
2025-05-15 16:00:00,META,22.72711290007938
2025-05-14 20:35:00,TSLA,14.173054261293046
2025-05-14 20:40:00,TSLA,14.173054261293046
2025-05-14 20:45:00,TSLA,14.199821124864892
2025-05-14 20:50:00,TSLA,14.173054261293046
2025-05-14 20:55:00,TSLA,14.199821124864892
2025-05-14 21:00:00,TSLA,14.199821124864892
2025-05-14 21:05:00,TSLA,14.199821124864892
2025-05-14 21:10:00,TSLA,14.226587988436739
2025-05-14 21:15:00,TSLA,14.226587988436739
2025-05-14 21:20:00,TSLA,14.199821124864892
2025-05-14 21:25:00,TSLA,14.1462873977212
2025-05-14 21:30:00,TSLA,14.173054261293046
2025-05-14 21:35:00,TSLA,14.1462873977212
2025-05-14 21:40:00,TSLA,14.092753670577506
2025-05-14 21:45:00,TSLA,14.092753670577506
2025-05-14 21:50:00,TSLA,14.119520534149354
2025-05-14 21:55:00,TSLA,14.1462873977212
2025-05-14 22:00:00,TSLA,14.173054261293046
2025-05-14 22:05:00,TSLA,14.199821124864892
2025-05-14 22:10:00,TSLA,14.226587988436739
2025-05-14 22:15:00,TSLA,14.280121715580432
2025-05-14 22:20:00,TSLA,14.199821124864892
2025-05-14 22:25:00,TSLA,14.226587988436739
2025-05-14 22:30:00,TSLA,14.173054261293046
2025-05-14 22:35:00,TSLA,14.199821124864892
2025-05-14 22:40:00,TSLA,14.1462873977212
2025-05-14 22:45:00,TSLA,14.1462873977212
2025-05-14 22:50:00,TSLA,14.1462873977212
2025-05-14 22:55:00,TSLA,14.092753670577506
2025-05-14 23:00:00,TSLA,14.1462873977212
2025-05-14 23:05:00,TSLA,14.1462873977212
2025-05-14 23:10:00,TSLA,14.1462873977212
2025-05-14 23:15:00,TSLA,14.119520534149354
2025-05-14 23:20:00,TSLA,14.119520534149354
2025-05-14 23:25:00,TSLA,14.065986807005656
2025-05-14 23:30:00,TSLA,14.039219943433809
2025-05-14 23:35:00,TSLA,14.039219943433809
2025-05-14 23:40:00,TSLA,13.985686216290116
2025-05-14 23:45:00,TSLA,14.012453079861961
2025-05-14 23:50:00,TSLA,14.012453079861961
2025-05-14 23:55:00,TSLA,14.039219943433809
2025-05-15 00:00:00,TSLA,14.012453079861961
2025-05-15 00:05:00,TSLA,14.012453079861961
2025-05-15 00:10:00,TSLA,14.039219943433809
2025-05-15 00:15:00,TSLA,14.012453079861961
2025-05-15 00:20:00,TSLA,14.039219943433809
2025-05-15 00:25:00,TSLA,14.012453079861961
2025-05-15 00:30:00,TSLA,14.012453079861961
2025-05-15 00:35:00,TSLA,13.985686216290116
2025-05-15 00:40:00,TSLA,13.958919352718269
2025-05-15 00:45:00,TSLA,13.958919352718269
2025-05-15 00:50:00,TSLA,13.932152489146421
2025-05-15 00:55:00,TSLA,13.985686216290116
2025-05-15 01:00:00,TSLA,13.905385625574576
2025-05-15 01:05:00,TSLA,13.958919352718269
2025-05-15 01:10:00,TSLA,13.932152489146421
2025-05-15 01:15:00,TSLA,13.878618762002729
2025-05-15 01:20:00,TSLA,13.82508503485903
2025-05-15 01:25:00,TSLA,13.771551307715338
2025-05-15 01:30:00,TSLA,13.771551307715338
2025-05-15 01:35:00,TSLA,13.610950126284255
2025-05-15 01:40:00,TSLA,13.664483853427953
2025-05-15 01:45:00,TSLA,13.637716989856106
2025-05-15 01:50:00,TSLA,13.584183262712408
2025-05-15 01:55:00,TSLA,13.530649535568715
2025-05-15 02:00:00,TSLA,13.584183262712408
2025-05-15 02:05:00,TSLA,13.584183262712408
2025-05-15 02:10:00,TSLA,13.55741639914056
2025-05-15 02:15:00,TSLA,13.530649535568715
2025-05-15 02:20:00,TSLA,13.530649535568715
2025-05-15 02:25:00,TSLA,13.530649535568715
2025-05-15 02:30:00,TSLA,13.55741639914056
2025-05-15 02:35:00,TSLA,13.584183262712408
2025-05-15 02:40:00,TSLA,13.691250716999798
2025-05-15 02:45:00,TSLA,13.637716989856106
2025-05-15 02:50:00,TSLA,13.744784444143491
2025-05-15 02:55:00,TSLA,13.637716989856106
2025-05-15 03:00:00,TSLA,13.664483853427953
2025-05-15 03:05:00,TSLA,13.637716989856106
2025-05-15 03:10:00,TSLA,13.637716989856106
2025-05-15 03:15:00,TSLA,13.664483853427953
2025-05-15 03:20:00,TSLA,13.637716989856106
2025-05-15 03:25:00,TSLA,13.530649535568715
2025-05-15 03:30:00,TSLA,13.477115808425022
2025-05-15 03:35:00,TSLA,13.477115808425022
2025-05-15 03:40:00,TSLA,13.584183262712408
2025-05-15 03:45:00,TSLA,13.55741639914056
2025-05-15 03:50:00,TSLA,13.55741639914056
2025-05-15 03:55:00,TSLA,13.637716989856106
2025-05-15 04:00:00,TSLA,13.637716989856106
2025-05-15 04:05:00,TSLA,13.610950126284255
2025-05-15 04:10:00,TSLA,13.637716989856106
2025-05-15 04:15:00,TSLA,13.503882671996868
2025-05-15 04:20:00,TSLA,13.450348944853175
2025-05-15 04:25:00,TSLA,13.530649535568715
2025-05-15 04:30:00,TSLA,13.477115808425022
2025-05-15 04:35:00,TSLA,13.477115808425022
2025-05-15 04:40:00,TSLA,13.450348944853175
2025-05-15 04:45:00,TSLA,13.343281490565785
2025-05-15 04:50:00,TSLA,13.423582081281328
2025-05-15 04:55:00,TSLA,13.396815217709479
2025-05-15 05:00:00,TSLA,13.450348944853175
2025-05-15 05:05:00,TSLA,13.396815217709479
2025-05-15 05:10:00,TSLA,13.370048354137634
2025-05-15 05:15:00,TSLA,13.370048354137634
2025-05-15 05:20:00,TSLA,13.28974776342209
2025-05-15 05:25:00,TSLA,13.209447172706552
2025-05-15 05:30:00,TSLA,13.262980899850245
2025-05-15 05:35:00,TSLA,13.316514626993937
2025-05-15 05:40:00,TSLA,13.262980899850245
2025-05-15 05:45:00,TSLA,13.262980899850245
2025-05-15 05:50:00,TSLA,13.236214036278398
2025-05-15 05:55:00,TSLA,13.236214036278398
2025-05-15 06:00:00,TSLA,13.262980899850245
2025-05-15 06:05:00,TSLA,13.262980899850245
2025-05-15 06:10:00,TSLA,13.316514626993937
2025-05-15 06:15:00,TSLA,13.262980899850245
2025-05-15 06:20:00,TSLA,13.262980899850245
2025-05-15 06:25:00,TSLA,13.236214036278398
2025-05-15 06:30:00,TSLA,13.262980899850245
2025-05-15 06:35:00,TSLA,13.316514626993937
2025-05-15 06:40:00,TSLA,13.262980899850245
2025-05-15 06:45:00,TSLA,13.236214036278398
2025-05-15 06:50:00,TSLA,13.155913445562856
2025-05-15 06:55:00,TSLA,13.129146581991007
2025-05-15 07:00:00,TSLA,13.022079127703622
2025-05-15 07:05:00,TSLA,12.995312264131774
2025-05-15 07:10:00,TSLA,12.91501167341623
2025-05-15 07:15:00,TSLA,12.888244809844384
2025-05-15 07:20:00,TSLA,12.888244809844384
2025-05-15 07:25:00,TSLA,12.700876764841453
2025-05-15 07:30:00,TSLA,12.647343037697759
2025-05-15 07:35:00,TSLA,12.620576174125913
2025-05-15 07:40:00,TSLA,12.56704244698222
2025-05-15 07:45:00,TSLA,12.56704244698222
2025-05-15 07:50:00,TSLA,12.540275583410374
2025-05-15 07:55:00,TSLA,12.674109901269606
2025-05-15 08:00:00,TSLA,12.540275583410374
2025-05-15 08:05:00,TSLA,12.540275583410374
2025-05-15 08:10:00,TSLA,12.513508719838526
2025-05-15 08:15:00,TSLA,12.620576174125913
2025-05-15 08:20:00,TSLA,12.620576174125913
2025-05-15 08:25:00,TSLA,12.674109901269606
2025-05-15 08:30:00,TSLA,12.727643628413304
2025-05-15 08:35:00,TSLA,12.834711082700691
2025-05-15 08:40:00,TSLA,12.861477946272537
2025-05-15 08:45:00,TSLA,12.861477946272537
2025-05-15 08:50:00,TSLA,12.888244809844384
2025-05-15 08:55:00,TSLA,12.861477946272537
2025-05-15 09:00:00,TSLA,12.888244809844384
2025-05-15 09:05:00,TSLA,12.941778536988082
2025-05-15 09:10:00,TSLA,12.968545400559927
2025-05-15 09:15:00,TSLA,12.91501167341623
2025-05-15 09:20:00,TSLA,12.91501167341623
2025-05-15 09:25:00,TSLA,12.91501167341623
2025-05-15 09:30:00,TSLA,12.888244809844384
2025-05-15 09:35:00,TSLA,12.674109901269606
2025-05-15 09:40:00,TSLA,12.754410491985151
2025-05-15 09:45:00,TSLA,12.727643628413304
2025-05-15 09:50:00,TSLA,12.700876764841453
2025-05-15 09:55:00,TSLA,12.834711082700691
2025-05-15 10:00:00,TSLA,12.781177355556997
2025-05-15 10:05:00,TSLA,12.781177355556997
2025-05-15 10:10:00,TSLA,12.754410491985151
2025-05-15 10:15:00,TSLA,12.781177355556997
2025-05-15 10:20:00,TSLA,12.781177355556997
2025-05-15 10:25:00,TSLA,12.807944219128844
2025-05-15 10:30:00,TSLA,12.754410491985151
2025-05-15 10:35:00,TSLA,12.727643628413304
2025-05-15 10:40:00,TSLA,12.593809310554066
2025-05-15 10:45:00,TSLA,12.56704244698222
2025-05-15 10:50:00,TSLA,12.647343037697759
2025-05-15 10:55:00,TSLA,12.647343037697759
2025-05-15 11:00:00,TSLA,12.593809310554066
2025-05-15 11:05:00,TSLA,12.700876764841453
2025-05-15 11:10:00,TSLA,12.834711082700691
2025-05-15 11:15:00,TSLA,12.807944219128844
2025-05-15 11:20:00,TSLA,12.754410491985151
2025-05-15 11:25:00,TSLA,12.807944219128844
2025-05-15 11:30:00,TSLA,12.754410491985151
2025-05-15 11:35:00,TSLA,12.674109901269606
2025-05-15 11:40:00,TSLA,12.700876764841453
2025-05-15 11:45:00,TSLA,12.593809310554066
2025-05-15 11:50:00,TSLA,12.56704244698222
2025-05-15 11:55:00,TSLA,12.620576174125913
2025-05-15 12:00:00,TSLA,12.647343037697759
2025-05-15 12:05:00,TSLA,12.620576174125913
2025-05-15 12:10:00,TSLA,12.647343037697759
2025-05-15 12:15:00,TSLA,12.700876764841453
2025-05-15 12:20:00,TSLA,12.620576174125913
2025-05-15 12:25:00,TSLA,12.647343037697759
2025-05-15 12:30:00,TSLA,12.700876764841453
2025-05-15 12:35:00,TSLA,12.647343037697759
2025-05-15 12:40:00,TSLA,12.647343037697759
2025-05-15 12:45:00,TSLA,12.620576174125913
2025-05-15 12:50:00,TSLA,12.647343037697759
2025-05-15 12:55:00,TSLA,12.620576174125913
2025-05-15 13:00:00,TSLA,12.56704244698222
2025-05-15 13:05:00,TSLA,12.540275583410374
2025-05-15 13:10:00,TSLA,12.56704244698222
2025-05-15 13:15:00,TSLA,12.56704244698222
2025-05-15 13:20:00,TSLA,12.674109901269606
2025-05-15 13:25:00,TSLA,12.620576174125913
2025-05-15 13:30:00,TSLA,12.620576174125913
2025-05-15 13:35:00,TSLA,12.486741856266676
2025-05-15 13:40:00,TSLA,12.486741856266676
2025-05-15 13:45:00,TSLA,12.513508719838526
2025-05-15 13:50:00,TSLA,12.486741856266676
2025-05-15 13:55:00,TSLA,12.406441265551136
2025-05-15 14:00:00,TSLA,12.433208129122983
2025-05-15 14:05:00,TSLA,12.406441265551136
2025-05-15 14:10:00,TSLA,12.459974992694828
2025-05-15 14:15:00,TSLA,12.56704244698222
2025-05-15 14:20:00,TSLA,12.674109901269606
2025-05-15 14:25:00,TSLA,12.647343037697759
2025-05-15 14:30:00,TSLA,12.968545400559927
2025-05-15 14:35:00,TSLA,12.834711082700691
2025-05-15 14:40:00,TSLA,12.754410491985151
2025-05-15 14:45:00,TSLA,12.781177355556997
2025-05-15 14:50:00,TSLA,12.727643628413304
2025-05-15 14:55:00,TSLA,12.700876764841453
2025-05-15 15:00:00,TSLA,12.700876764841453
2025-05-15 15:05:00,TSLA,12.674109901269606
2025-05-15 15:10:00,TSLA,12.807944219128844
2025-05-15 15:15:00,TSLA,12.781177355556997
2025-05-15 15:20:00,TSLA,12.834711082700691
2025-05-15 15:25:00,TSLA,12.888244809844384
2025-05-15 15:30:00,TSLA,12.834711082700691
2025-05-15 15:35:00,TSLA,12.888244809844384
2025-05-15 15:40:00,TSLA,12.781177355556997
2025-05-15 15:45:00,TSLA,12.861477946272537
2025-05-15 15:50:00,TSLA,12.888244809844384
2025-05-15 15:55:00,TSLA,12.91501167341623
2025-05-15 16:00:00,TSLA,12.941778536988082
